inventory_id,warehouse_id,warehouse_code,sku_id,sku_code,product_name,category,current_stock,reorder_level,inventory_value,inventory_status,last_updated
INV000001,WH001,MUM_NH,SKU0068,HOM002,Ceiling Fan,Home & Kitchen,768,224,2150400,Normal,2026-07-05
INV000002,WH001,MUM_NH,SKU0027,GRO003,Sugar,Grocery,2640,720,739200,Normal,2026-07-05
INV000003,WH001,MUM_NH,SKU0022,FMC010,Floor Cleaner,FMCG,3234,768,808500,Normal,2026-07-05
INV000004,WH001,MUM_NH,SKU0004,ELE004,Monitor,Electronics,672,192,10080000,Normal,2026-07-05
INV000005,WH001,MUM_NH,SKU0045,APP009,Shorts,Apparel,989,288,890100,Normal,2026-07-05
INV000006,WH001,MUM_NH,SKU0042,APP006,Shoes,Apparel,1730,432,4844000,Normal,2026-07-05
INV000007,WH001,MUM_NH,SKU0007,ELE007,Printer,Electronics,418,115,3762000,Normal,2026-07-05
INV000008,WH001,MUM_NH,SKU0021,FMC009,Dishwash Liquid,FMCG,3113,768,560340,Normal,2026-07-05
INV000009,WH001,MUM_NH,SKU0003,ELE003,Tablet,Electronics,788,192,22064000,Normal,2026-07-05
INV000010,WH001,MUM_NH,SKU0060,AUT003,Car Battery,Automotive,327,96,2125500,Normal,2026-07-05
INV000011,WH001,MUM_NH,SKU0040,APP004,Jacket,Apparel,732,172,2562000,Normal,2026-07-05
INV000012,WH001,MUM_NH,SKU0020,FMC008,Body Lotion,FMCG,1836,512,550800,Normal,2026-07-05
INV000013,WH001,MUM_NH,SKU0005,ELE005,Keyboard,Electronics,269,288,322800,Low Stock,2026-07-05
INV000014,WH001,MUM_NH,SKU0053,HEA005,Blood Pressure Monitor,Healthcare,539,153,1185800,Normal,2026-07-05
INV000015,WH001,MUM_NH,SKU0062,AUT005,Air Filter,Automotive,659,160,428350,Normal,2026-07-05
INV000016,WH001,MUM_NH,SKU0061,AUT004,Spark Plug,Automotive,684,160,307800,Normal,2026-07-05
INV000017,WH001,MUM_NH,SKU0069,HOM003,Mixer Grinder,Home & Kitchen,1023,224,3580500,Normal,2026-07-05
INV000018,WH001,MUM_NH,SKU0043,APP007,Socks,Apparel,1754,432,438500,Normal,2026-07-05
INV000019,WH001,MUM_NH,SKU0038,APP002,Jeans,Apparel,1192,288,2145600,Normal,2026-07-05
INV000020,WH001,MUM_NH,SKU0035,GRO011,Spices,Grocery,1964,480,687400,Normal,2026-07-05
INV000021,WH001,MUM_NH,SKU0057,HEA009,Pain Relief Spray,Healthcare,884,256,265200,Normal,2026-07-05
INV000022,WH001,MUM_NH,SKU0018,FMC006,Hair Oil,FMCG,1918,512,345240,Normal,2026-07-05
INV000023,WH001,MUM_NH,SKU0033,GRO009,Biscuits,Grocery,2649,720,132450,Normal,2026-07-05
INV000024,WH001,MUM_NH,SKU0008,ELE008,Router,Electronics,716,192,1790000,Normal,2026-07-05
INV000025,WH001,MUM_NH,SKU0036,GRO012,Oats,Grocery,1842,480,405240,Normal,2026-07-05
INV000026,WH001,MUM_NH,SKU0066,AUT009,Lubricant,Automotive,584,160,204400,Normal,2026-07-05
INV000027,WH001,MUM_NH,SKU0039,APP003,Shirt,Apparel,1302,288,1562400,Normal,2026-07-05
INV000028,WH001,MUM_NH,SKU0074,HOM008,Water Bottle,Home & Kitchen,1388,336,485800,Normal,2026-07-05
INV000029,WH001,MUM_NH,SKU0075,HOM009,Dustbin,Home & Kitchen,957,224,478500,Normal,2026-07-05
INV000030,WH001,MUM_NH,SKU0063,AUT006,Coolant,Automotive,616,160,554400,Normal,2026-07-05
INV000031,WH001,MUM_NH,SKU0011,ELE011,Smartwatch,Electronics,5,288,60000,Low Stock,2026-07-05
INV000032,WH001,MUM_NH,SKU0049,HEA001,Face Mask,Healthcare,1406,384,351500,Normal,2026-07-05
INV000033,WH001,MUM_NH,SKU0073,HOM007,Storage Box,Home & Kitchen,1452,336,943800,Normal,2026-07-05
INV000034,WH001,MUM_NH,SKU0046,APP010,Track Pants,Apparel,1263,288,1768200,Normal,2026-07-05
INV000035,WH001,MUM_NH,SKU0024,FMC012,Tissue Pack,FMCG,2980,768,268200,Normal,2026-07-05
INV000036,WH001,MUM_NH,SKU0048,APP012,Backpack,Apparel,1942,432,4855000,Normal,2026-07-05
INV000037,WH001,MUM_NH,SKU0056,HEA008,Bandages,Healthcare,1636,384,196320,Normal,2026-07-05
INV000038,WH001,MUM_NH,SKU0071,HOM005,Cookware Set,Home & Kitchen,536,134,2251200,Normal,2026-07-05
INV000039,WH001,MUM_NH,SKU0019,FMC007,Deodorant,FMCG,2135,512,533750,Normal,2026-07-05
INV000040,WH001,MUM_NH,SKU0028,GRO004,Salt,Grocery,2568,720,308160,Normal,2026-07-05
INV000041,WH001,MUM_NH,SKU0058,AUT001,Engine Oil,Automotive,971,240,1165200,Normal,2026-07-05
INV000042,WH001,MUM_NH,SKU0032,GRO008,Pulses,Grocery,2818,720,1972600,Normal,2026-07-05
INV000043,WH001,MUM_NH,SKU0002,ELE002,Smartphone,Electronics,1104,288,38640000,Normal,2026-07-05
INV000044,WH001,MUM_NH,SKU0013,FMC001,Shampoo,FMCG,1,768,350,Low Stock,2026-07-05
INV000045,WH001,MUM_NH,SKU0051,HEA003,Sanitizer,Healthcare,1347,384,242460,Normal,2026-07-05
INV000046,WH001,MUM_NH,SKU0047,APP011,Belt,Apparel,610,172,396500,Normal,2026-07-05
INV000047,WH001,MUM_NH,SKU0031,GRO007,Coffee,Grocery,2088,480,1357200,Normal,2026-07-05
INV000048,WH001,MUM_NH,SKU0023,FMC011,Hand Wash,FMCG,2669,768,400350,Normal,2026-07-05
INV000049,WH001,MUM_NH,SKU0072,HOM006,Plastic Chair,Home & Kitchen,1029,224,926100,Normal,2026-07-05
INV000050,WH001,MUM_NH,SKU0064,AUT007,Tyre Inflator,Automotive,438,96,963600,Normal,2026-07-05
INV000051,WH001,MUM_NH,SKU0026,GRO002,Wheat Flour,Grocery,2457,720,614250,Normal,2026-07-05
INV000052,WH001,MUM_NH,SKU0054,HEA006,Vitamin Tablets,Healthcare,1079,256,647400,Normal,2026-07-05
INV000053,WH001,MUM_NH,SKU0006,ELE006,Mouse,Electronics,1071,288,749700,Normal,2026-07-05
INV000054,WH001,MUM_NH,SKU0014,FMC002,Soap,FMCG,2714,768,122130,Normal,2026-07-05
INV000055,WH001,MUM_NH,SKU0052,HEA004,Thermometer,Healthcare,1009,256,454050,Normal,2026-07-05
INV000056,WH001,MUM_NH,SKU0050,HEA002,Hand Gloves,Healthcare,566,384,198100,Normal,2026-07-05
INV000057,WH001,MUM_NH,SKU0015,FMC003,Toothpaste,FMCG,3072,768,368640,Normal,2026-07-05
INV000058,WH001,MUM_NH,SKU0067,HOM001,LED Bulb,Home & Kitchen,1510,336,271800,Normal,2026-07-05
INV000059,WH001,MUM_NH,SKU0070,HOM004,Electric Kettle,Home & Kitchen,841,224,1513800,Normal,2026-07-05
INV000060,WH001,MUM_NH,SKU0034,GRO010,Noodles,Grocery,2974,720,267660,Normal,2026-07-05
INV000061,WH001,MUM_NH,SKU0059,AUT002,Brake Pads,Automotive,690,160,1242000,Normal,2026-07-05
INV000062,WH001,MUM_NH,SKU0044,APP008,Cap,Apparel,1248,288,499200,Normal,2026-07-05
INV000063,WH001,MUM_NH,SKU0025,GRO001,Rice,Grocery,2448,720,1958400,Normal,2026-07-05
INV000064,WH001,MUM_NH,SKU0055,HEA007,First Aid Kit,Healthcare,876,256,744600,Normal,2026-07-05
INV000065,WH001,MUM_NH,SKU0012,ELE012,Power Bank,Electronics,425,288,765000,Normal,2026-07-05
INV000066,WH001,MUM_NH,SKU0017,FMC005,Face Wash,FMCG,1929,512,424380,Normal,2026-07-05
INV000067,WH001,MUM_NH,SKU0037,APP001,T-Shirt,Apparel,1923,432,1346100,Normal,2026-07-05
INV000068,WH001,MUM_NH,SKU0041,APP005,Hoodie,Apparel,197,288,433400,Low Stock,2026-07-05
INV000069,WH001,MUM_NH,SKU0001,ELE001,Laptop,Electronics,668,192,43420000,Normal,2026-07-05
INV000070,WH001,MUM_NH,SKU0009,ELE009,SSD,Electronics,829,192,3730500,Normal,2026-07-05
INV000071,WH001,MUM_NH,SKU0030,GRO006,Tea,Grocery,1905,480,857250,Normal,2026-07-05
INV000072,WH001,MUM_NH,SKU0029,GRO005,Cooking Oil,Grocery,2677,720,2409300,Normal,2026-07-05
INV000073,WH001,MUM_NH,SKU0065,AUT008,Wiper Blade,Automotive,937,240,468500,Normal,2026-07-05
INV000074,WH001,MUM_NH,SKU0016,FMC004,Detergent,FMCG,3108,768,1398600,Normal,2026-07-05
INV000075,WH001,MUM_NH,SKU0010,ELE010,Hard Drive,Electronics,699,192,4194000,Normal,2026-07-05
INV000076,WH002,NAG_NH,SKU0065,AUT008,Wiper Blade,Automotive,918,200,459000,Normal,2026-07-05
INV000077,WH002,NAG_NH,SKU0058,AUT001,Engine Oil,Automotive,785,200,942000,Normal,2026-07-05
INV000078,WH002,NAG_NH,SKU0072,HOM006,Plastic Chair,Home & Kitchen,661,186,594900,Normal,2026-07-05
INV000079,WH002,NAG_NH,SKU0003,ELE003,Tablet,Electronics,608,160,17024000,Normal,2026-07-05
INV000080,WH002,NAG_NH,SKU0031,GRO007,Coffee,Grocery,1470,400,955500,Normal,2026-07-05
INV000081,WH002,NAG_NH,SKU0010,ELE010,Hard Drive,Electronics,557,160,3342000,Normal,2026-07-05
INV000082,WH002,NAG_NH,SKU0071,HOM005,Cookware Set,Home & Kitchen,410,111,1722000,Normal,2026-07-05
INV000083,WH002,NAG_NH,SKU0022,FMC010,Floor Cleaner,FMCG,934,640,233500,Normal,2026-07-05
INV000084,WH002,NAG_NH,SKU0048,APP012,Backpack,Apparel,1326,360,3315000,Normal,2026-07-05
INV000085,WH002,NAG_NH,SKU0027,GRO003,Sugar,Grocery,2194,600,614320,Normal,2026-07-05
INV000086,WH002,NAG_NH,SKU0055,HEA007,First Aid Kit,Healthcare,964,213,819400,Normal,2026-07-05
INV000087,WH002,NAG_NH,SKU0051,HEA003,Sanitizer,Healthcare,1269,320,228420,Normal,2026-07-05
INV000088,WH002,NAG_NH,SKU0074,HOM008,Water Bottle,Home & Kitchen,1223,280,428050,Normal,2026-07-05
INV000089,WH002,NAG_NH,SKU0029,GRO005,Cooking Oil,Grocery,2109,600,1898100,Normal,2026-07-05
INV000090,WH002,NAG_NH,SKU0023,FMC011,Hand Wash,FMCG,2501,640,375150,Normal,2026-07-05
INV000091,WH002,NAG_NH,SKU0039,APP003,Shirt,Apparel,1025,240,1230000,Normal,2026-07-05
INV000092,WH002,NAG_NH,SKU0043,APP007,Socks,Apparel,1649,360,412250,Normal,2026-07-05
INV000093,WH002,NAG_NH,SKU0036,GRO012,Oats,Grocery,1553,400,341660,Normal,2026-07-05
INV000094,WH002,NAG_NH,SKU0012,ELE012,Power Bank,Electronics,1064,240,1915200,Normal,2026-07-05
INV000095,WH002,NAG_NH,SKU0037,APP001,T-Shirt,Apparel,1306,360,914200,Normal,2026-07-05
INV000096,WH002,NAG_NH,SKU0045,APP009,Shorts,Apparel,937,240,843300,Normal,2026-07-05
INV000097,WH002,NAG_NH,SKU0020,FMC008,Body Lotion,FMCG,1577,426,473100,Normal,2026-07-05
INV000098,WH002,NAG_NH,SKU0041,APP005,Hoodie,Apparel,250,240,550000,Normal,2026-07-05
INV000099,WH002,NAG_NH,SKU0061,AUT004,Spark Plug,Automotive,541,133,243450,Normal,2026-07-05
INV000100,WH002,NAG_NH,SKU0019,FMC007,Deodorant,FMCG,1961,426,490250,Normal,2026-07-05
INV000101,WH002,NAG_NH,SKU0030,GRO006,Tea,Grocery,1825,400,821250,Normal,2026-07-05
INV000102,WH002,NAG_NH,SKU0066,AUT009,Lubricant,Automotive,193,133,67550,Normal,2026-07-05
INV000103,WH002,NAG_NH,SKU0060,AUT003,Car Battery,Automotive,318,80,2067000,Normal,2026-07-05
INV000104,WH002,NAG_NH,SKU0047,APP011,Belt,Apparel,558,144,362700,Normal,2026-07-05
INV000105,WH002,NAG_NH,SKU0009,ELE009,SSD,Electronics,616,160,2772000,Normal,2026-07-05
INV000106,WH002,NAG_NH,SKU0053,HEA005,Blood Pressure Monitor,Healthcare,2,128,4400,Low Stock,2026-07-05
INV000107,WH002,NAG_NH,SKU0017,FMC005,Face Wash,FMCG,590,426,129800,Normal,2026-07-05
INV000108,WH002,NAG_NH,SKU0063,AUT006,Coolant,Automotive,564,133,507600,Normal,2026-07-05
INV000109,WH002,NAG_NH,SKU0059,AUT002,Brake Pads,Automotive,578,133,1040400,Normal,2026-07-05
INV000110,WH002,NAG_NH,SKU0006,ELE006,Mouse,Electronics,956,240,669200,Normal,2026-07-05
INV000111,WH002,NAG_NH,SKU0032,GRO008,Pulses,Grocery,2196,600,1537200,Normal,2026-07-05
INV000112,WH002,NAG_NH,SKU0042,APP006,Shoes,Apparel,1541,360,4314800,Normal,2026-07-05
INV000113,WH002,NAG_NH,SKU0050,HEA002,Hand Gloves,Healthcare,1208,320,422800,Normal,2026-07-05
INV000114,WH002,NAG_NH,SKU0069,HOM003,Mixer Grinder,Home & Kitchen,740,186,2590000,Normal,2026-07-05
INV000115,WH002,NAG_NH,SKU0008,ELE008,Router,Electronics,180,160,450000,Normal,2026-07-05
INV000116,WH002,NAG_NH,SKU0015,FMC003,Toothpaste,FMCG,2566,640,307920,Normal,2026-07-05
INV000117,WH002,NAG_NH,SKU0067,HOM001,LED Bulb,Home & Kitchen,975,280,175500,Normal,2026-07-05
INV000118,WH002,NAG_NH,SKU0062,AUT005,Air Filter,Automotive,590,133,383500,Normal,2026-07-05
INV000119,WH002,NAG_NH,SKU0075,HOM009,Dustbin,Home & Kitchen,844,186,422000,Normal,2026-07-05
INV000120,WH002,NAG_NH,SKU0052,HEA004,Thermometer,Healthcare,873,213,392850,Normal,2026-07-05
INV000121,WH002,NAG_NH,SKU0073,HOM007,Storage Box,Home & Kitchen,979,280,636350,Normal,2026-07-05
INV000122,WH002,NAG_NH,SKU0024,FMC012,Tissue Pack,FMCG,2610,640,234900,Normal,2026-07-05
INV000123,WH002,NAG_NH,SKU0068,HOM002,Ceiling Fan,Home & Kitchen,692,186,1937600,Normal,2026-07-05
INV000124,WH002,NAG_NH,SKU0016,FMC004,Detergent,FMCG,2417,640,1087650,Normal,2026-07-05
INV000125,WH002,NAG_NH,SKU0001,ELE001,Laptop,Electronics,569,160,36985000,Normal,2026-07-05
INV000126,WH002,NAG_NH,SKU0044,APP008,Cap,Apparel,947,240,378800,Normal,2026-07-05
INV000127,WH002,NAG_NH,SKU0007,ELE007,Printer,Electronics,147,96,1323000,Normal,2026-07-05
INV000128,WH002,NAG_NH,SKU0004,ELE004,Monitor,Electronics,663,160,9945000,Normal,2026-07-05
INV000129,WH002,NAG_NH,SKU0057,HEA009,Pain Relief Spray,Healthcare,750,213,225000,Normal,2026-07-05
INV000130,WH002,NAG_NH,SKU0070,HOM004,Electric Kettle,Home & Kitchen,747,186,1344600,Normal,2026-07-05
INV000131,WH002,NAG_NH,SKU0028,GRO004,Salt,Grocery,2291,600,274920,Normal,2026-07-05
INV000132,WH002,NAG_NH,SKU0018,FMC006,Hair Oil,FMCG,1575,426,283500,Normal,2026-07-05
INV000133,WH002,NAG_NH,SKU0021,FMC009,Dishwash Liquid,FMCG,2512,640,452160,Normal,2026-07-05
INV000134,WH002,NAG_NH,SKU0040,APP004,Jacket,Apparel,541,144,1893500,Normal,2026-07-05
INV000135,WH002,NAG_NH,SKU0054,HEA006,Vitamin Tablets,Healthcare,5,213,3000,Low Stock,2026-07-05
INV000136,WH002,NAG_NH,SKU0038,APP002,Jeans,Apparel,1008,240,1814400,Normal,2026-07-05
INV000137,WH002,NAG_NH,SKU0011,ELE011,Smartwatch,Electronics,1084,240,13008000,Normal,2026-07-05
INV000138,WH002,NAG_NH,SKU0002,ELE002,Smartphone,Electronics,1068,240,37380000,Normal,2026-07-05
INV000139,WH002,NAG_NH,SKU0013,FMC001,Shampoo,FMCG,2859,640,1000650,Normal,2026-07-05
INV000140,WH002,NAG_NH,SKU0035,GRO011,Spices,Grocery,1434,400,501900,Normal,2026-07-05
INV000141,WH002,NAG_NH,SKU0005,ELE005,Keyboard,Electronics,876,240,1051200,Normal,2026-07-05
INV000142,WH002,NAG_NH,SKU0046,APP010,Track Pants,Apparel,1013,240,1418200,Normal,2026-07-05
INV000143,WH002,NAG_NH,SKU0033,GRO009,Biscuits,Grocery,2403,600,120150,Normal,2026-07-05
INV000144,WH002,NAG_NH,SKU0049,HEA001,Face Mask,Healthcare,1436,320,359000,Normal,2026-07-05
INV000145,WH002,NAG_NH,SKU0025,GRO001,Rice,Grocery,2496,600,1996800,Normal,2026-07-05
INV000146,WH002,NAG_NH,SKU0034,GRO010,Noodles,Grocery,2071,600,186390,Normal,2026-07-05
INV000147,WH002,NAG_NH,SKU0014,FMC002,Soap,FMCG,2276,640,102420,Normal,2026-07-05
INV000148,WH002,NAG_NH,SKU0056,HEA008,Bandages,Healthcare,243,320,29160,Low Stock,2026-07-05
INV000149,WH002,NAG_NH,SKU0064,AUT007,Tyre Inflator,Automotive,339,80,745800,Normal,2026-07-05
INV000150,WH002,NAG_NH,SKU0026,GRO002,Wheat Flour,Grocery,2120,600,530000,Normal,2026-07-05
INV000151,WH003,DEL_RDC,SKU0024,FMC012,Tissue Pack,FMCG,762,590,68580,Normal,2026-07-05
INV000152,WH003,DEL_RDC,SKU0018,FMC006,Hair Oil,FMCG,1355,393,243900,Normal,2026-07-05
INV000153,WH003,DEL_RDC,SKU0027,GRO003,Sugar,Grocery,2249,553,629720,Normal,2026-07-05
INV000154,WH003,DEL_RDC,SKU0008,ELE008,Router,Electronics,508,147,1270000,Normal,2026-07-05
INV000155,WH003,DEL_RDC,SKU0009,ELE009,SSD,Electronics,666,147,2997000,Normal,2026-07-05
INV000156,WH003,DEL_RDC,SKU0057,HEA009,Pain Relief Spray,Healthcare,125,196,37500,Low Stock,2026-07-05
INV000157,WH003,DEL_RDC,SKU0015,FMC003,Toothpaste,FMCG,2492,590,299040,Normal,2026-07-05
INV000158,WH003,DEL_RDC,SKU0030,GRO006,Tea,Grocery,1411,369,634950,Normal,2026-07-05
INV000159,WH003,DEL_RDC,SKU0038,APP002,Jeans,Apparel,985,221,1773000,Normal,2026-07-05
INV000160,WH003,DEL_RDC,SKU0045,APP009,Shorts,Apparel,298,221,268200,Normal,2026-07-05
INV000161,WH003,DEL_RDC,SKU0044,APP008,Cap,Apparel,185,221,74000,Low Stock,2026-07-05
INV000162,WH003,DEL_RDC,SKU0073,HOM007,Storage Box,Home & Kitchen,1125,258,731250,Normal,2026-07-05
INV000163,WH003,DEL_RDC,SKU0072,HOM006,Plastic Chair,Home & Kitchen,670,172,603000,Normal,2026-07-05
INV000164,WH003,DEL_RDC,SKU0061,AUT004,Spark Plug,Automotive,554,123,249300,Normal,2026-07-05
INV000165,WH003,DEL_RDC,SKU0046,APP010,Track Pants,Apparel,862,221,1206800,Normal,2026-07-05
INV000166,WH003,DEL_RDC,SKU0042,APP006,Shoes,Apparel,1422,332,3981600,Normal,2026-07-05
INV000167,WH003,DEL_RDC,SKU0060,AUT003,Car Battery,Automotive,264,73,1716000,Normal,2026-07-05
INV000168,WH003,DEL_RDC,SKU0032,GRO008,Pulses,Grocery,2136,553,1495200,Normal,2026-07-05
INV000169,WH003,DEL_RDC,SKU0063,AUT006,Coolant,Automotive,487,123,438300,Normal,2026-07-05
INV000170,WH003,DEL_RDC,SKU0043,APP007,Socks,Apparel,1495,332,373750,Normal,2026-07-05
INV000171,WH003,DEL_RDC,SKU0070,HOM004,Electric Kettle,Home & Kitchen,755,172,1359000,Normal,2026-07-05
INV000172,WH003,DEL_RDC,SKU0071,HOM005,Cookware Set,Home & Kitchen,378,103,1587600,Normal,2026-07-05
INV000173,WH003,DEL_RDC,SKU0040,APP004,Jacket,Apparel,514,132,1799000,Normal,2026-07-05
INV000174,WH003,DEL_RDC,SKU0020,FMC008,Body Lotion,FMCG,1371,393,411300,Normal,2026-07-05
INV000175,WH003,DEL_RDC,SKU0022,FMC010,Floor Cleaner,FMCG,2257,590,564250,Normal,2026-07-05
INV000176,WH003,DEL_RDC,SKU0029,GRO005,Cooking Oil,Grocery,2334,553,2100600,Normal,2026-07-05
INV000177,WH003,DEL_RDC,SKU0066,AUT009,Lubricant,Automotive,467,123,163450,Normal,2026-07-05
INV000178,WH003,DEL_RDC,SKU0056,HEA008,Bandages,Healthcare,1314,295,157680,Normal,2026-07-05
INV000179,WH003,DEL_RDC,SKU0062,AUT005,Air Filter,Automotive,503,123,326950,Normal,2026-07-05
INV000180,WH003,DEL_RDC,SKU0002,ELE002,Smartphone,Electronics,0,221,0,Out of Stock,2026-07-05
INV000181,WH003,DEL_RDC,SKU0039,APP003,Shirt,Apparel,868,221,1041600,Normal,2026-07-05
INV000182,WH003,DEL_RDC,SKU0059,AUT002,Brake Pads,Automotive,464,123,835200,Normal,2026-07-05
INV000183,WH003,DEL_RDC,SKU0005,ELE005,Keyboard,Electronics,889,221,1066800,Normal,2026-07-05
INV000184,WH003,DEL_RDC,SKU0051,HEA003,Sanitizer,Healthcare,1208,295,217440,Normal,2026-07-05
INV000185,WH003,DEL_RDC,SKU0016,FMC004,Detergent,FMCG,2511,590,1129950,Normal,2026-07-05
INV000186,WH003,DEL_RDC,SKU0025,GRO001,Rice,Grocery,2497,553,1997600,Normal,2026-07-05
INV000187,WH003,DEL_RDC,SKU0067,HOM001,LED Bulb,Home & Kitchen,1101,258,198180,Normal,2026-07-05
INV000188,WH003,DEL_RDC,SKU0075,HOM009,Dustbin,Home & Kitchen,724,172,362000,Normal,2026-07-05
INV000189,WH003,DEL_RDC,SKU0047,APP011,Belt,Apparel,462,132,300300,Normal,2026-07-05
INV000190,WH003,DEL_RDC,SKU0048,APP012,Backpack,Apparel,1261,332,3152500,Normal,2026-07-05
INV000191,WH003,DEL_RDC,SKU0010,ELE010,Hard Drive,Electronics,651,147,3906000,Normal,2026-07-05
INV000192,WH003,DEL_RDC,SKU0074,HOM008,Water Bottle,Home & Kitchen,971,258,339850,Normal,2026-07-05
INV000193,WH003,DEL_RDC,SKU0021,FMC009,Dishwash Liquid,FMCG,2298,590,413640,Normal,2026-07-05
INV000194,WH003,DEL_RDC,SKU0017,FMC005,Face Wash,FMCG,1478,393,325160,Normal,2026-07-05
INV000195,WH003,DEL_RDC,SKU0069,HOM003,Mixer Grinder,Home & Kitchen,672,172,2352000,Normal,2026-07-05
INV000196,WH003,DEL_RDC,SKU0058,AUT001,Engine Oil,Automotive,235,184,282000,Normal,2026-07-05
INV000197,WH003,DEL_RDC,SKU0033,GRO009,Biscuits,Grocery,673,553,33650,Normal,2026-07-05
INV000198,WH003,DEL_RDC,SKU0031,GRO007,Coffee,Grocery,1497,369,973050,Normal,2026-07-05
INV000199,WH003,DEL_RDC,SKU0034,GRO010,Noodles,Grocery,2073,553,186570,Normal,2026-07-05
INV000200,WH003,DEL_RDC,SKU0052,HEA004,Thermometer,Healthcare,805,196,362250,Normal,2026-07-05
INV000201,WH003,DEL_RDC,SKU0037,APP001,T-Shirt,Apparel,1315,332,920500,Normal,2026-07-05
INV000202,WH003,DEL_RDC,SKU0036,GRO012,Oats,Grocery,1349,369,296780,Normal,2026-07-05
INV000203,WH003,DEL_RDC,SKU0064,AUT007,Tyre Inflator,Automotive,330,73,726000,Normal,2026-07-05
INV000204,WH003,DEL_RDC,SKU0019,FMC007,Deodorant,FMCG,1418,393,354500,Normal,2026-07-05
INV000205,WH003,DEL_RDC,SKU0065,AUT008,Wiper Blade,Automotive,741,184,370500,Normal,2026-07-05
INV000206,WH003,DEL_RDC,SKU0013,FMC001,Shampoo,FMCG,2246,590,786100,Normal,2026-07-05
INV000207,WH003,DEL_RDC,SKU0041,APP005,Hoodie,Apparel,952,221,2094400,Normal,2026-07-05
INV000208,WH003,DEL_RDC,SKU0054,HEA006,Vitamin Tablets,Healthcare,721,196,432600,Normal,2026-07-05
INV000209,WH003,DEL_RDC,SKU0001,ELE001,Laptop,Electronics,505,147,32825000,Normal,2026-07-05
INV000210,WH003,DEL_RDC,SKU0011,ELE011,Smartwatch,Electronics,879,221,10548000,Normal,2026-07-05
INV000211,WH003,DEL_RDC,SKU0055,HEA007,First Aid Kit,Healthcare,686,196,583100,Normal,2026-07-05
INV000212,WH003,DEL_RDC,SKU0012,ELE012,Power Bank,Electronics,920,221,1656000,Normal,2026-07-05
INV000213,WH003,DEL_RDC,SKU0035,GRO011,Spices,Grocery,1562,369,546700,Normal,2026-07-05
INV000214,WH003,DEL_RDC,SKU0026,GRO002,Wheat Flour,Grocery,2044,553,511000,Normal,2026-07-05
INV000215,WH003,DEL_RDC,SKU0014,FMC002,Soap,FMCG,2012,590,90540,Normal,2026-07-05
INV000216,WH004,AMD_RDC,SKU0069,HOM003,Mixer Grinder,Home & Kitchen,726,168,2541000,Normal,2026-07-05
INV000217,WH004,AMD_RDC,SKU0048,APP012,Backpack,Apparel,1266,324,3165000,Normal,2026-07-05
INV000218,WH004,AMD_RDC,SKU0024,FMC012,Tissue Pack,FMCG,2620,576,235800,Normal,2026-07-05
INV000219,WH004,AMD_RDC,SKU0034,GRO010,Noodles,Grocery,1868,540,168120,Normal,2026-07-05
INV000220,WH004,AMD_RDC,SKU0032,GRO008,Pulses,Grocery,2385,540,1669500,Normal,2026-07-05
INV000221,WH004,AMD_RDC,SKU0015,FMC003,Toothpaste,FMCG,2512,576,301440,Normal,2026-07-05
INV000222,WH004,AMD_RDC,SKU0074,HOM008,Water Bottle,Home & Kitchen,1155,252,404250,Normal,2026-07-05
INV000223,WH004,AMD_RDC,SKU0072,HOM006,Plastic Chair,Home & Kitchen,762,168,685800,Normal,2026-07-05
INV000224,WH004,AMD_RDC,SKU0005,ELE005,Keyboard,Electronics,893,216,1071600,Normal,2026-07-05
INV000225,WH004,AMD_RDC,SKU0052,HEA004,Thermometer,Healthcare,769,192,346050,Normal,2026-07-05
INV000226,WH004,AMD_RDC,SKU0030,GRO006,Tea,Grocery,1460,360,657000,Normal,2026-07-05
INV000227,WH004,AMD_RDC,SKU0051,HEA003,Sanitizer,Healthcare,1236,288,222480,Normal,2026-07-05
INV000228,WH004,AMD_RDC,SKU0057,HEA009,Pain Relief Spray,Healthcare,712,192,213600,Normal,2026-07-05
INV000229,WH004,AMD_RDC,SKU0075,HOM009,Dustbin,Home & Kitchen,699,168,349500,Normal,2026-07-05
INV000230,WH004,AMD_RDC,SKU0070,HOM004,Electric Kettle,Home & Kitchen,676,168,1216800,Normal,2026-07-05
INV000231,WH004,AMD_RDC,SKU0056,HEA008,Bandages,Healthcare,1074,288,128880,Normal,2026-07-05
INV000232,WH004,AMD_RDC,SKU0028,GRO004,Salt,Grocery,2021,540,242520,Normal,2026-07-05
INV000233,WH004,AMD_RDC,SKU0071,HOM005,Cookware Set,Home & Kitchen,381,100,1600200,Normal,2026-07-05
INV000234,WH004,AMD_RDC,SKU0065,AUT008,Wiper Blade,Automotive,641,180,320500,Normal,2026-07-05
INV000235,WH004,AMD_RDC,SKU0009,ELE009,SSD,Electronics,609,144,2740500,Normal,2026-07-05
INV000236,WH004,AMD_RDC,SKU0018,FMC006,Hair Oil,FMCG,1335,384,240300,Normal,2026-07-05
INV000237,WH004,AMD_RDC,SKU0066,AUT009,Lubricant,Automotive,486,120,170100,Normal,2026-07-05
INV000238,WH004,AMD_RDC,SKU0004,ELE004,Monitor,Electronics,525,144,7875000,Normal,2026-07-05
INV000239,WH004,AMD_RDC,SKU0021,FMC009,Dishwash Liquid,FMCG,2583,576,464940,Normal,2026-07-05
INV000240,WH004,AMD_RDC,SKU0010,ELE010,Hard Drive,Electronics,609,144,3654000,Normal,2026-07-05
INV000241,WH004,AMD_RDC,SKU0014,FMC002,Soap,FMCG,2487,576,111915,Normal,2026-07-05
INV000242,WH004,AMD_RDC,SKU0073,HOM007,Storage Box,Home & Kitchen,858,252,557700,Normal,2026-07-05
INV000243,WH004,AMD_RDC,SKU0039,APP003,Shirt,Apparel,929,216,1114800,Normal,2026-07-05
INV000244,WH004,AMD_RDC,SKU0044,APP008,Cap,Apparel,981,216,392400,Normal,2026-07-05
INV000245,WH004,AMD_RDC,SKU0001,ELE001,Laptop,Electronics,618,144,40170000,Normal,2026-07-05
INV000246,WH004,AMD_RDC,SKU0046,APP010,Track Pants,Apparel,890,216,1246000,Normal,2026-07-05
INV000247,WH004,AMD_RDC,SKU0037,APP001,T-Shirt,Apparel,1186,324,830200,Normal,2026-07-05
INV000248,WH004,AMD_RDC,SKU0031,GRO007,Coffee,Grocery,1236,360,803400,Normal,2026-07-05
INV000249,WH004,AMD_RDC,SKU0038,APP002,Jeans,Apparel,910,216,1638000,Normal,2026-07-05
INV000250,WH004,AMD_RDC,SKU0043,APP007,Socks,Apparel,1165,324,291250,Normal,2026-07-05
INV000251,WH004,AMD_RDC,SKU0011,ELE011,Smartwatch,Electronics,767,216,9204000,Normal,2026-07-05
INV000252,WH004,AMD_RDC,SKU0062,AUT005,Air Filter,Automotive,411,120,267150,Normal,2026-07-05
INV000253,WH004,AMD_RDC,SKU0050,HEA002,Hand Gloves,Healthcare,1174,288,410900,Normal,2026-07-05
INV000254,WH004,AMD_RDC,SKU0016,FMC004,Detergent,FMCG,2402,576,1080900,Normal,2026-07-05
INV000255,WH004,AMD_RDC,SKU0007,ELE007,Printer,Electronics,341,86,3069000,Normal,2026-07-05
INV000256,WH004,AMD_RDC,SKU0042,APP006,Shoes,Apparel,1248,324,3494400,Normal,2026-07-05
INV000257,WH004,AMD_RDC,SKU0008,ELE008,Router,Electronics,546,144,1365000,Normal,2026-07-05
INV000258,WH004,AMD_RDC,SKU0045,APP009,Shorts,Apparel,832,216,748800,Normal,2026-07-05
INV000259,WH004,AMD_RDC,SKU0063,AUT006,Coolant,Automotive,527,120,474300,Normal,2026-07-05
INV000260,WH004,AMD_RDC,SKU0068,HOM002,Ceiling Fan,Home & Kitchen,587,168,1643600,Normal,2026-07-05
INV000261,WH004,AMD_RDC,SKU0006,ELE006,Mouse,Electronics,874,216,611800,Normal,2026-07-05
INV000262,WH004,AMD_RDC,SKU0036,GRO012,Oats,Grocery,2,360,440,Low Stock,2026-07-05
INV000263,WH004,AMD_RDC,SKU0040,APP004,Jacket,Apparel,450,129,1575000,Normal,2026-07-05
INV000264,WH004,AMD_RDC,SKU0035,GRO011,Spices,Grocery,230,360,80500,Low Stock,2026-07-05
INV000265,WH004,AMD_RDC,SKU0060,AUT003,Car Battery,Automotive,266,72,1729000,Normal,2026-07-05
INV000266,WH005,BLR_RDC,SKU0003,ELE003,Tablet,Electronics,447,108,12516000,Normal,2026-07-05
INV000267,WH005,BLR_RDC,SKU0007,ELE007,Printer,Electronics,256,64,2304000,Normal,2026-07-05
INV000268,WH005,BLR_RDC,SKU0075,HOM009,Dustbin,Home & Kitchen,570,125,285000,Normal,2026-07-05
INV000269,WH005,BLR_RDC,SKU0009,ELE009,SSD,Electronics,400,108,1800000,Normal,2026-07-05
INV000270,WH005,BLR_RDC,SKU0055,HEA007,First Aid Kit,Healthcare,594,144,504900,Normal,2026-07-05
INV000271,WH005,BLR_RDC,SKU0068,HOM002,Ceiling Fan,Home & Kitchen,165,125,462000,Normal,2026-07-05
INV000272,WH005,BLR_RDC,SKU0073,HOM007,Storage Box,Home & Kitchen,678,188,440700,Normal,2026-07-05
INV000273,WH005,BLR_RDC,SKU0047,APP011,Belt,Apparel,397,97,258050,Normal,2026-07-05
INV000274,WH005,BLR_RDC,SKU0034,GRO010,Noodles,Grocery,476,405,42840,Normal,2026-07-05
INV000275,WH005,BLR_RDC,SKU0044,APP008,Cap,Apparel,157,162,62800,Low Stock,2026-07-05
INV000276,WH005,BLR_RDC,SKU0043,APP007,Socks,Apparel,193,243,48250,Low Stock,2026-07-05
INV000277,WH005,BLR_RDC,SKU0061,AUT004,Spark Plug,Automotive,395,90,177750,Normal,2026-07-05
INV000278,WH005,BLR_RDC,SKU0039,APP003,Shirt,Apparel,686,162,823200,Normal,2026-07-05
INV000279,WH005,BLR_RDC,SKU0036,GRO012,Oats,Grocery,1139,270,250580,Normal,2026-07-05
INV000280,WH005,BLR_RDC,SKU0037,APP001,T-Shirt,Apparel,1058,243,740600,Normal,2026-07-05
INV000281,WH005,BLR_RDC,SKU0058,AUT001,Engine Oil,Automotive,465,135,558000,Normal,2026-07-05
INV000282,WH005,BLR_RDC,SKU0060,AUT003,Car Battery,Automotive,226,54,1469000,Normal,2026-07-05
INV000283,WH005,BLR_RDC,SKU0017,FMC005,Face Wash,FMCG,1202,288,264440,Normal,2026-07-05
INV000284,WH005,BLR_RDC,SKU0019,FMC007,Deodorant,FMCG,1124,288,281000,Normal,2026-07-05
INV000285,WH005,BLR_RDC,SKU0051,HEA003,Sanitizer,Healthcare,846,216,152280,Normal,2026-07-05
INV000286,WH005,BLR_RDC,SKU0070,HOM004,Electric Kettle,Home & Kitchen,562,125,1011600,Normal,2026-07-05
INV000287,WH005,BLR_RDC,SKU0030,GRO006,Tea,Grocery,967,270,435150,Normal,2026-07-05
INV000288,WH005,BLR_RDC,SKU0024,FMC012,Tissue Pack,FMCG,1739,432,156510,Normal,2026-07-05
INV000289,WH005,BLR_RDC,SKU0049,HEA001,Face Mask,Healthcare,894,216,223500,Normal,2026-07-05
INV000290,WH005,BLR_RDC,SKU0015,FMC003,Toothpaste,FMCG,593,432,71160,Normal,2026-07-05
INV000291,WH005,BLR_RDC,SKU0054,HEA006,Vitamin Tablets,Healthcare,632,144,379200,Normal,2026-07-05
INV000292,WH005,BLR_RDC,SKU0053,HEA005,Blood Pressure Monitor,Healthcare,326,86,717200,Normal,2026-07-05
INV000293,WH005,BLR_RDC,SKU0067,HOM001,LED Bulb,Home & Kitchen,853,188,153540,Normal,2026-07-05
INV000294,WH005,BLR_RDC,SKU0022,FMC010,Floor Cleaner,FMCG,1702,432,425500,Normal,2026-07-05
INV000295,WH005,BLR_RDC,SKU0045,APP009,Shorts,Apparel,661,162,594900,Normal,2026-07-05
INV000296,WH005,BLR_RDC,SKU0052,HEA004,Thermometer,Healthcare,547,144,246150,Normal,2026-07-05
INV000297,WH005,BLR_RDC,SKU0025,GRO001,Rice,Grocery,1534,405,1227200,Normal,2026-07-05
INV000298,WH005,BLR_RDC,SKU0035,GRO011,Spices,Grocery,1032,270,361200,Normal,2026-07-05
INV000299,WH005,BLR_RDC,SKU0048,APP012,Backpack,Apparel,907,243,2267500,Normal,2026-07-05
INV000300,WH005,BLR_RDC,SKU0050,HEA002,Hand Gloves,Healthcare,962,216,336700,Normal,2026-07-05
INV000301,WH005,BLR_RDC,SKU0012,ELE012,Power Bank,Electronics,651,162,1171800,Normal,2026-07-05
INV000302,WH005,BLR_RDC,SKU0056,HEA008,Bandages,Healthcare,796,216,95520,Normal,2026-07-05
INV000303,WH005,BLR_RDC,SKU0020,FMC008,Body Lotion,FMCG,1171,288,351300,Normal,2026-07-05
INV000304,WH005,BLR_RDC,SKU0031,GRO007,Coffee,Grocery,1072,270,696800,Normal,2026-07-05
INV000305,WH005,BLR_RDC,SKU0064,AUT007,Tyre Inflator,Automotive,212,54,466400,Normal,2026-07-05
INV000306,WH005,BLR_RDC,SKU0008,ELE008,Router,Electronics,405,108,1012500,Normal,2026-07-05
INV000307,WH005,BLR_RDC,SKU0002,ELE002,Smartphone,Electronics,598,162,20930000,Normal,2026-07-05
INV000308,WH005,BLR_RDC,SKU0069,HOM003,Mixer Grinder,Home & Kitchen,483,125,1690500,Normal,2026-07-05
INV000309,WH005,BLR_RDC,SKU0028,GRO004,Salt,Grocery,1544,405,185280,Normal,2026-07-05
INV000310,WH005,BLR_RDC,SKU0010,ELE010,Hard Drive,Electronics,4,108,24000,Low Stock,2026-07-05
INV000311,WH005,BLR_RDC,SKU0032,GRO008,Pulses,Grocery,1718,405,1202600,Normal,2026-07-05
INV000312,WH005,BLR_RDC,SKU0063,AUT006,Coolant,Automotive,333,90,299700,Normal,2026-07-05
INV000313,WH005,BLR_RDC,SKU0018,FMC006,Hair Oil,FMCG,1045,288,188100,Normal,2026-07-05
INV000314,WH005,BLR_RDC,SKU0046,APP010,Track Pants,Apparel,654,162,915600,Normal,2026-07-05
INV000315,WH005,BLR_RDC,SKU0014,FMC002,Soap,FMCG,1564,432,70380,Normal,2026-07-05
INV000316,WH006,HYD_RDC,SKU0043,APP007,Socks,Apparel,967,243,241750,Normal,2026-07-05
INV000317,WH006,HYD_RDC,SKU0031,GRO007,Coffee,Grocery,1234,270,802100,Normal,2026-07-05
INV000318,WH006,HYD_RDC,SKU0010,ELE010,Hard Drive,Electronics,403,108,2418000,Normal,2026-07-05
INV000319,WH006,HYD_RDC,SKU0052,HEA004,Thermometer,Healthcare,523,144,235350,Normal,2026-07-05
INV000320,WH006,HYD_RDC,SKU0059,AUT002,Brake Pads,Automotive,325,90,585000,Normal,2026-07-05
INV000321,WH006,HYD_RDC,SKU0037,APP001,T-Shirt,Apparel,981,243,686700,Normal,2026-07-05
INV000322,WH006,HYD_RDC,SKU0019,FMC007,Deodorant,FMCG,1315,288,328750,Normal,2026-07-05
INV000323,WH006,HYD_RDC,SKU0026,GRO002,Wheat Flour,Grocery,1715,405,428750,Normal,2026-07-05
INV000324,WH006,HYD_RDC,SKU0036,GRO012,Oats,Grocery,1199,270,263780,Normal,2026-07-05
INV000325,WH006,HYD_RDC,SKU0056,HEA008,Bandages,Healthcare,960,216,115200,Normal,2026-07-05
INV000326,WH006,HYD_RDC,SKU0046,APP010,Track Pants,Apparel,642,162,898800,Normal,2026-07-05
INV000327,WH006,HYD_RDC,SKU0069,HOM003,Mixer Grinder,Home & Kitchen,455,125,1592500,Normal,2026-07-05
INV000328,WH006,HYD_RDC,SKU0004,ELE004,Monitor,Electronics,489,108,7335000,Normal,2026-07-05
INV000329,WH006,HYD_RDC,SKU0058,AUT001,Engine Oil,Automotive,592,135,710400,Normal,2026-07-05
INV000330,WH006,HYD_RDC,SKU0021,FMC009,Dishwash Liquid,FMCG,1507,432,271260,Normal,2026-07-05
INV000331,WH006,HYD_RDC,SKU0047,APP011,Belt,Apparel,336,97,218400,Normal,2026-07-05
INV000332,WH006,HYD_RDC,SKU0060,AUT003,Car Battery,Automotive,220,54,1430000,Normal,2026-07-05
INV000333,WH006,HYD_RDC,SKU0066,AUT009,Lubricant,Automotive,413,90,144550,Normal,2026-07-05
INV000334,WH006,HYD_RDC,SKU0015,FMC003,Toothpaste,FMCG,1865,432,223800,Normal,2026-07-05
INV000335,WH006,HYD_RDC,SKU0074,HOM008,Water Bottle,Home & Kitchen,820,188,287000,Normal,2026-07-05
INV000336,WH006,HYD_RDC,SKU0009,ELE009,SSD,Electronics,434,108,1953000,Normal,2026-07-05
INV000337,WH006,HYD_RDC,SKU0017,FMC005,Face Wash,FMCG,1132,288,249040,Normal,2026-07-05
INV000338,WH006,HYD_RDC,SKU0068,HOM002,Ceiling Fan,Home & Kitchen,576,125,1612800,Normal,2026-07-05
INV000339,WH006,HYD_RDC,SKU0070,HOM004,Electric Kettle,Home & Kitchen,521,125,937800,Normal,2026-07-05
INV000340,WH006,HYD_RDC,SKU0055,HEA007,First Aid Kit,Healthcare,617,144,524450,Normal,2026-07-05
INV000341,WH006,HYD_RDC,SKU0054,HEA006,Vitamin Tablets,Healthcare,116,144,69600,Low Stock,2026-07-05
INV000342,WH006,HYD_RDC,SKU0025,GRO001,Rice,Grocery,1697,405,1357600,Normal,2026-07-05
INV000343,WH006,HYD_RDC,SKU0057,HEA009,Pain Relief Spray,Healthcare,519,144,155700,Normal,2026-07-05
INV000344,WH006,HYD_RDC,SKU0034,GRO010,Noodles,Grocery,1378,405,124020,Normal,2026-07-05
INV000345,WH006,HYD_RDC,SKU0075,HOM009,Dustbin,Home & Kitchen,517,125,258500,Normal,2026-07-05
INV000346,WH006,HYD_RDC,SKU0072,HOM006,Plastic Chair,Home & Kitchen,462,125,415800,Normal,2026-07-05
INV000347,WH006,HYD_RDC,SKU0064,AUT007,Tyre Inflator,Automotive,229,54,503800,Normal,2026-07-05
INV000348,WH006,HYD_RDC,SKU0003,ELE003,Tablet,Electronics,456,108,12768000,Normal,2026-07-05
INV000349,WH006,HYD_RDC,SKU0008,ELE008,Router,Electronics,149,108,372500,Normal,2026-07-05
INV000350,WH006,HYD_RDC,SKU0061,AUT004,Spark Plug,Automotive,377,90,169650,Normal,2026-07-05
INV000351,WH006,HYD_RDC,SKU0071,HOM005,Cookware Set,Home & Kitchen,77,75,323400,Normal,2026-07-05
INV000352,WH006,HYD_RDC,SKU0051,HEA003,Sanitizer,Healthcare,902,216,162360,Normal,2026-07-05
INV000353,WH006,HYD_RDC,SKU0023,FMC011,Hand Wash,FMCG,616,432,92400,Normal,2026-07-05
INV000354,WH006,HYD_RDC,SKU0044,APP008,Cap,Apparel,583,162,233200,Normal,2026-07-05
INV000355,WH006,HYD_RDC,SKU0007,ELE007,Printer,Electronics,278,64,2502000,Normal,2026-07-05
INV000356,WH006,HYD_RDC,SKU0041,APP005,Hoodie,Apparel,606,162,1333200,Normal,2026-07-05
INV000357,WH006,HYD_RDC,SKU0049,HEA001,Face Mask,Healthcare,912,216,228000,Normal,2026-07-05
INV000358,WH006,HYD_RDC,SKU0012,ELE012,Power Bank,Electronics,734,162,1321200,Normal,2026-07-05
INV000359,WH006,HYD_RDC,SKU0035,GRO011,Spices,Grocery,1077,270,376950,Normal,2026-07-05
INV000360,WH006,HYD_RDC,SKU0027,GRO003,Sugar,Grocery,1396,405,390880,Normal,2026-07-05
INV000361,WH006,HYD_RDC,SKU0022,FMC010,Floor Cleaner,FMCG,1635,432,408750,Normal,2026-07-05
INV000362,WH006,HYD_RDC,SKU0065,AUT008,Wiper Blade,Automotive,473,135,236500,Normal,2026-07-05
INV000363,WH006,HYD_RDC,SKU0067,HOM001,LED Bulb,Home & Kitchen,271,188,48780,Normal,2026-07-05
INV000364,WH006,HYD_RDC,SKU0002,ELE002,Smartphone,Electronics,735,162,25725000,Normal,2026-07-05
INV000365,WH006,HYD_RDC,SKU0050,HEA002,Hand Gloves,Healthcare,5,216,1750,Low Stock,2026-07-05
INV000366,WH007,MAA_RDC,SKU0028,GRO004,Salt,Grocery,2025,495,243000,Normal,2026-07-05
INV000367,WH007,MAA_RDC,SKU0003,ELE003,Tablet,Electronics,476,132,13328000,Normal,2026-07-05
INV000368,WH007,MAA_RDC,SKU0006,ELE006,Mouse,Electronics,778,198,544600,Normal,2026-07-05
INV000369,WH007,MAA_RDC,SKU0043,APP007,Socks,Apparel,1365,297,341250,Normal,2026-07-05
INV000370,WH007,MAA_RDC,SKU0054,HEA006,Vitamin Tablets,Healthcare,770,176,462000,Normal,2026-07-05
INV000371,WH007,MAA_RDC,SKU0050,HEA002,Hand Gloves,Healthcare,282,264,98700,Normal,2026-07-05
INV000372,WH007,MAA_RDC,SKU0048,APP012,Backpack,Apparel,1124,297,2810000,Normal,2026-07-05
INV000373,WH007,MAA_RDC,SKU0060,AUT003,Car Battery,Automotive,237,66,1540500,Normal,2026-07-05
INV000374,WH007,MAA_RDC,SKU0074,HOM008,Water Bottle,Home & Kitchen,922,231,322700,Normal,2026-07-05
INV000375,WH007,MAA_RDC,SKU0055,HEA007,First Aid Kit,Healthcare,682,176,579700,Normal,2026-07-05
INV000376,WH007,MAA_RDC,SKU0063,AUT006,Coolant,Automotive,378,110,340200,Normal,2026-07-05
INV000377,WH007,MAA_RDC,SKU0008,ELE008,Router,Electronics,488,132,1220000,Normal,2026-07-05
INV000378,WH007,MAA_RDC,SKU0020,FMC008,Body Lotion,FMCG,1523,352,456900,Normal,2026-07-05
INV000379,WH007,MAA_RDC,SKU0056,HEA008,Bandages,Healthcare,1158,264,138960,Normal,2026-07-05
INV000380,WH007,MAA_RDC,SKU0023,FMC011,Hand Wash,FMCG,2346,528,351900,Normal,2026-07-05
INV000381,WH007,MAA_RDC,SKU0036,GRO012,Oats,Grocery,1143,330,251460,Normal,2026-07-05
INV000382,WH007,MAA_RDC,SKU0004,ELE004,Monitor,Electronics,547,132,8205000,Normal,2026-07-05
INV000383,WH007,MAA_RDC,SKU0040,APP004,Jacket,Apparel,466,118,1631000,Normal,2026-07-05
INV000384,WH007,MAA_RDC,SKU0067,HOM001,LED Bulb,Home & Kitchen,859,231,154620,Normal,2026-07-05
INV000385,WH007,MAA_RDC,SKU0044,APP008,Cap,Apparel,741,198,296400,Normal,2026-07-05
INV000386,WH007,MAA_RDC,SKU0007,ELE007,Printer,Electronics,314,79,2826000,Normal,2026-07-05
INV000387,WH007,MAA_RDC,SKU0027,GRO003,Sugar,Grocery,2057,495,575960,Normal,2026-07-05
INV000388,WH007,MAA_RDC,SKU0046,APP010,Track Pants,Apparel,841,198,1177400,Normal,2026-07-05
INV000389,WH007,MAA_RDC,SKU0051,HEA003,Sanitizer,Healthcare,901,264,162180,Normal,2026-07-05
INV000390,WH007,MAA_RDC,SKU0010,ELE010,Hard Drive,Electronics,484,132,2904000,Normal,2026-07-05
INV000391,WH007,MAA_RDC,SKU0024,FMC012,Tissue Pack,FMCG,1867,528,168030,Normal,2026-07-05
INV000392,WH007,MAA_RDC,SKU0012,ELE012,Power Bank,Electronics,247,198,444600,Normal,2026-07-05
INV000393,WH007,MAA_RDC,SKU0025,GRO001,Rice,Grocery,2236,495,1788800,Normal,2026-07-05
INV000394,WH007,MAA_RDC,SKU0062,AUT005,Air Filter,Automotive,467,110,303550,Normal,2026-07-05
INV000395,WH007,MAA_RDC,SKU0034,GRO010,Noodles,Grocery,1969,495,177210,Normal,2026-07-05
INV000396,WH007,MAA_RDC,SKU0013,FMC001,Shampoo,FMCG,2084,528,729400,Normal,2026-07-05
INV000397,WH007,MAA_RDC,SKU0026,GRO002,Wheat Flour,Grocery,1796,495,449000,Normal,2026-07-05
INV000398,WH007,MAA_RDC,SKU0021,FMC009,Dishwash Liquid,FMCG,2268,528,408240,Normal,2026-07-05
INV000399,WH007,MAA_RDC,SKU0065,AUT008,Wiper Blade,Automotive,574,165,287000,Normal,2026-07-05
INV000400,WH007,MAA_RDC,SKU0039,APP003,Shirt,Apparel,876,198,1051200,Normal,2026-07-05
INV000401,WH007,MAA_RDC,SKU0049,HEA001,Face Mask,Healthcare,1147,264,286750,Normal,2026-07-05
INV000402,WH007,MAA_RDC,SKU0068,HOM002,Ceiling Fan,Home & Kitchen,524,154,1467200,Normal,2026-07-05
INV000403,WH007,MAA_RDC,SKU0016,FMC004,Detergent,FMCG,2325,528,1046250,Normal,2026-07-05
INV000404,WH007,MAA_RDC,SKU0022,FMC010,Floor Cleaner,FMCG,2213,528,553250,Normal,2026-07-05
INV000405,WH007,MAA_RDC,SKU0061,AUT004,Spark Plug,Automotive,432,110,194400,Normal,2026-07-05
INV000406,WH007,MAA_RDC,SKU0047,APP011,Belt,Apparel,451,118,293150,Normal,2026-07-05
INV000407,WH007,MAA_RDC,SKU0057,HEA009,Pain Relief Spray,Healthcare,678,176,203400,Normal,2026-07-05
INV000408,WH007,MAA_RDC,SKU0041,APP005,Hoodie,Apparel,290,198,638000,Normal,2026-07-05
INV000409,WH007,MAA_RDC,SKU0018,FMC006,Hair Oil,FMCG,1,352,180,Low Stock,2026-07-05
INV000410,WH007,MAA_RDC,SKU0037,APP001,T-Shirt,Apparel,1093,297,765100,Normal,2026-07-05
INV000411,WH007,MAA_RDC,SKU0072,HOM006,Plastic Chair,Home & Kitchen,531,154,477900,Normal,2026-07-05
INV000412,WH007,MAA_RDC,SKU0058,AUT001,Engine Oil,Automotive,700,165,840000,Normal,2026-07-05
INV000413,WH007,MAA_RDC,SKU0073,HOM007,Storage Box,Home & Kitchen,892,231,579800,Normal,2026-07-05
INV000414,WH007,MAA_RDC,SKU0009,ELE009,SSD,Electronics,578,132,2601000,Normal,2026-07-05
INV000415,WH007,MAA_RDC,SKU0045,APP009,Shorts,Apparel,3,198,2700,Low Stock,2026-07-05
INV000416,WH008,CCU_RDC,SKU0036,GRO012,Oats,Grocery,234,323,51480,Low Stock,2026-07-05
INV000417,WH008,CCU_RDC,SKU0061,AUT004,Spark Plug,Automotive,100,107,45000,Low Stock,2026-07-05
INV000418,WH008,CCU_RDC,SKU0019,FMC007,Deodorant,FMCG,1520,344,380000,Normal,2026-07-05
INV000419,WH008,CCU_RDC,SKU0050,HEA002,Hand Gloves,Healthcare,1160,258,406000,Normal,2026-07-05
INV000420,WH008,CCU_RDC,SKU0017,FMC005,Face Wash,FMCG,1230,344,270600,Normal,2026-07-05
INV000421,WH008,CCU_RDC,SKU0070,HOM004,Electric Kettle,Home & Kitchen,688,150,1238400,Normal,2026-07-05
INV000422,WH008,CCU_RDC,SKU0069,HOM003,Mixer Grinder,Home & Kitchen,653,150,2285500,Normal,2026-07-05
INV000423,WH008,CCU_RDC,SKU0068,HOM002,Ceiling Fan,Home & Kitchen,625,150,1750000,Normal,2026-07-05
INV000424,WH008,CCU_RDC,SKU0029,GRO005,Cooking Oil,Grocery,1693,484,1523700,Normal,2026-07-05
INV000425,WH008,CCU_RDC,SKU0015,FMC003,Toothpaste,FMCG,2175,516,261000,Normal,2026-07-05
INV000426,WH008,CCU_RDC,SKU0030,GRO006,Tea,Grocery,1468,323,660600,Normal,2026-07-05
INV000427,WH008,CCU_RDC,SKU0012,ELE012,Power Bank,Electronics,865,193,1557000,Normal,2026-07-05
INV000428,WH008,CCU_RDC,SKU0010,ELE010,Hard Drive,Electronics,522,129,3132000,Normal,2026-07-05
INV000429,WH008,CCU_RDC,SKU0065,AUT008,Wiper Blade,Automotive,594,161,297000,Normal,2026-07-05
INV000430,WH008,CCU_RDC,SKU0026,GRO002,Wheat Flour,Grocery,1814,484,453500,Normal,2026-07-05
INV000431,WH008,CCU_RDC,SKU0049,HEA001,Face Mask,Healthcare,906,258,226500,Normal,2026-07-05
INV000432,WH008,CCU_RDC,SKU0059,AUT002,Brake Pads,Automotive,146,107,262800,Normal,2026-07-05
INV000433,WH008,CCU_RDC,SKU0066,AUT009,Lubricant,Automotive,378,107,132300,Normal,2026-07-05
INV000434,WH008,CCU_RDC,SKU0053,HEA005,Blood Pressure Monitor,Healthcare,388,103,853600,Normal,2026-07-05
INV000435,WH008,CCU_RDC,SKU0072,HOM006,Plastic Chair,Home & Kitchen,571,150,513900,Normal,2026-07-05
INV000436,WH008,CCU_RDC,SKU0037,APP001,T-Shirt,Apparel,1113,290,779100,Normal,2026-07-05
INV000437,WH008,CCU_RDC,SKU0005,ELE005,Keyboard,Electronics,715,193,858000,Normal,2026-07-05
INV000438,WH008,CCU_RDC,SKU0034,GRO010,Noodles,Grocery,2043,484,183870,Normal,2026-07-05
INV000439,WH008,CCU_RDC,SKU0022,FMC010,Floor Cleaner,FMCG,1865,516,466250,Normal,2026-07-05
INV000440,WH008,CCU_RDC,SKU0021,FMC009,Dishwash Liquid,FMCG,1994,516,358920,Normal,2026-07-05
INV000441,WH008,CCU_RDC,SKU0013,FMC001,Shampoo,FMCG,2065,516,722750,Normal,2026-07-05
INV000442,WH008,CCU_RDC,SKU0001,ELE001,Laptop,Electronics,474,129,30810000,Normal,2026-07-05
INV000443,WH008,CCU_RDC,SKU0044,APP008,Cap,Apparel,765,193,306000,Normal,2026-07-05
INV000444,WH008,CCU_RDC,SKU0052,HEA004,Thermometer,Healthcare,771,172,346950,Normal,2026-07-05
INV000445,WH008,CCU_RDC,SKU0025,GRO001,Rice,Grocery,1814,484,1451200,Normal,2026-07-05
INV000446,WH008,CCU_RDC,SKU0051,HEA003,Sanitizer,Healthcare,900,258,162000,Normal,2026-07-05
INV000447,WH008,CCU_RDC,SKU0043,APP007,Socks,Apparel,461,290,115250,Normal,2026-07-05
INV000448,WH008,CCU_RDC,SKU0060,AUT003,Car Battery,Automotive,293,64,1904500,Normal,2026-07-05
INV000449,WH008,CCU_RDC,SKU0075,HOM009,Dustbin,Home & Kitchen,595,150,297500,Normal,2026-07-05
INV000450,WH008,CCU_RDC,SKU0048,APP012,Backpack,Apparel,1337,290,3342500,Normal,2026-07-05
INV000451,WH008,CCU_RDC,SKU0027,GRO003,Sugar,Grocery,1709,484,478520,Normal,2026-07-05
INV000452,WH008,CCU_RDC,SKU0024,FMC012,Tissue Pack,FMCG,1979,516,178110,Normal,2026-07-05
INV000453,WH008,CCU_RDC,SKU0041,APP005,Hoodie,Apparel,821,193,1806200,Normal,2026-07-05
INV000454,WH008,CCU_RDC,SKU0009,ELE009,SSD,Electronics,567,129,2551500,Normal,2026-07-05
INV000455,WH008,CCU_RDC,SKU0020,FMC008,Body Lotion,FMCG,1174,344,352200,Normal,2026-07-05
INV000456,WH008,CCU_RDC,SKU0054,HEA006,Vitamin Tablets,Healthcare,746,172,447600,Normal,2026-07-05
INV000457,WH008,CCU_RDC,SKU0014,FMC002,Soap,FMCG,780,516,35100,Normal,2026-07-05
INV000458,WH008,CCU_RDC,SKU0003,ELE003,Tablet,Electronics,567,129,15876000,Normal,2026-07-05
INV000459,WH008,CCU_RDC,SKU0067,HOM001,LED Bulb,Home & Kitchen,310,226,55800,Normal,2026-07-05
INV000460,WH008,CCU_RDC,SKU0055,HEA007,First Aid Kit,Healthcare,751,172,638350,Normal,2026-07-05
INV000461,WH008,CCU_RDC,SKU0006,ELE006,Mouse,Electronics,702,193,491400,Normal,2026-07-05
INV000462,WH008,CCU_RDC,SKU0033,GRO009,Biscuits,Grocery,2086,484,104300,Normal,2026-07-05
INV000463,WH008,CCU_RDC,SKU0038,APP002,Jeans,Apparel,817,193,1470600,Normal,2026-07-05
INV000464,WH008,CCU_RDC,SKU0071,HOM005,Cookware Set,Home & Kitchen,317,90,1331400,Normal,2026-07-05
INV000465,WH008,CCU_RDC,SKU0064,AUT007,Tyre Inflator,Automotive,222,64,488400,Normal,2026-07-05
INV000466,WH008,CCU_RDC,SKU0063,AUT006,Coolant,Automotive,369,107,332100,Normal,2026-07-05
INV000467,WH008,CCU_RDC,SKU0031,GRO007,Coffee,Grocery,1149,323,746850,Normal,2026-07-05
INV000468,WH008,CCU_RDC,SKU0062,AUT005,Air Filter,Automotive,99,107,64350,Low Stock,2026-07-05
INV000469,WH008,CCU_RDC,SKU0056,HEA008,Bandages,Healthcare,940,258,112800,Normal,2026-07-05
INV000470,WH008,CCU_RDC,SKU0039,APP003,Shirt,Apparel,862,193,1034400,Normal,2026-07-05
INV000471,WH008,CCU_RDC,SKU0028,GRO004,Salt,Grocery,1939,484,232680,Normal,2026-07-05
INV000472,WH008,CCU_RDC,SKU0074,HOM008,Water Bottle,Home & Kitchen,813,226,284550,Normal,2026-07-05
INV000473,WH008,CCU_RDC,SKU0004,ELE004,Monitor,Electronics,199,129,2985000,Normal,2026-07-05
INV000474,WH008,CCU_RDC,SKU0035,GRO011,Spices,Grocery,289,323,101150,Low Stock,2026-07-05
INV000475,WH008,CCU_RDC,SKU0011,ELE011,Smartwatch,Electronics,845,193,10140000,Normal,2026-07-05
INV000476,WH008,CCU_RDC,SKU0057,HEA009,Pain Relief Spray,Healthcare,601,172,180300,Normal,2026-07-05
INV000477,WH008,CCU_RDC,SKU0042,APP006,Shoes,Apparel,1067,290,2987600,Normal,2026-07-05
INV000478,WH008,CCU_RDC,SKU0018,FMC006,Hair Oil,FMCG,1450,344,261000,Normal,2026-07-05
INV000479,WH008,CCU_RDC,SKU0047,APP011,Belt,Apparel,513,116,333450,Normal,2026-07-05
INV000480,WH008,CCU_RDC,SKU0002,ELE002,Smartphone,Electronics,679,193,23765000,Normal,2026-07-05
